snp,weight
SNP6399,1
SNP6400,1
SNP6401,1
SNP6402,1
SNP6403,1
SNP6404,1
SNP6405,1
SNP6406,1
SNP6407,1
SNP6408,1
SNP6409,1
SNP6410,1
SNP6411,1
SNP6412,1
SNP6413,1
SNP6414,1
SNP6415,1
SNP6416,1
SNP6417,1
SNP6418,1
SNP6419,1
SNP6420,1
SNP6421,1
SNP6422,1
SNP6423,1
SNP6424,1
SNP6425,1
SNP6426,1
SNP6427,1
SNP6428,1
SNP6429,1
SNP6430,1
SNP6431,1
SNP6432,1
SNP6433,1
SNP6434,1
SNP6435,1
SNP6436,1
SNP6437,1
SNP6438,1
SNP6439,1
SNP6440,1
SNP6441,1
SNP6442,1
SNP6443,1
SNP6444,1
SNP6445,1
SNP6446,1
SNP6447,1
SNP6448,1
SNP6449,1
SNP6450,1
SNP6451,1
SNP6452,1
SNP6453,1
SNP6454,1
SNP6455,1
SNP6456,1
SNP6457,1
SNP6458,1
SNP6459,1
SNP6460,1
SNP6461,1
SNP6462,1
SNP6463,1
SNP6464,1
SNP6465,1
SNP6466,1
SNP6467,1
SNP6468,1
SNP6469,1
SNP6470,1
SNP6471,1
SNP6472,1
SNP6473,1
SNP6474,1
SNP6475,1
SNP6476,1
SNP6477,1
SNP6478,1
SNP6479,1
SNP6480,1
SNP6481,1
SNP6482,1
SNP6483,1
SNP6484,1
SNP6485,1
SNP6486,1
SNP6487,1
SNP6488,1
SNP6489,1
SNP6490,1
SNP6491,1
SNP6492,1
SNP6493,1
SNP6494,1
SNP6495,1
SNP6496,1
SNP6497,1
SNP6498,1
SNP6499,1
SNP6500,1
SNP6501,1
SNP6502,1
SNP6503,1
SNP6504,1
SNP6505,1
SNP6506,1
SNP6507,1
SNP6508,1
SNP6509,1
SNP6510,1
SNP6511,1
SNP6512,1
SNP6513,1
SNP6514,1
SNP6515,1
SNP6516,1
SNP6517,1
SNP6518,1
SNP6519,1
SNP6520,1
SNP6521,1
SNP6522,1
SNP6523,1
SNP6524,1
SNP6525,1
SNP6526,1
SNP6527,1
SNP6528,1
SNP6529,1
SNP6530,1
SNP6531,1
SNP6532,1
SNP6533,1
SNP6534,1
SNP6535,1
SNP6536,1
SNP6537,1
SNP6538,1
SNP6539,1
SNP6540,1
SNP6541,1
SNP6542,1
SNP6543,1
SNP6544,1
SNP6545,1
SNP6546,1
SNP6547,1
SNP6548,1
SNP6549,1
SNP6550,1
SNP6551,1
SNP6552,1
SNP6553,1
SNP6554,1
SNP6555,1
SNP6556,1
SNP6557,1
SNP6558,1
SNP6559,1
SNP6560,1
SNP6561,1
SNP6562,1
SNP6563,1
SNP6564,1
SNP6565,1
SNP6566,1
SNP6567,1
SNP6568,1
SNP6569,1
SNP6570,1
SNP6571,1
SNP6572,1
SNP6573,1
SNP6574,1
SNP6575,1
SNP6576,1
SNP6577,1
SNP6578,1
SNP6579,1
SNP6580,1
SNP6581,1
SNP6582,1
SNP6583,1
SNP6584,1
SNP6585,1
SNP6586,1
SNP6587,1
SNP6588,1
SNP6589,1
SNP6590,1
SNP6591,1
SNP6592,1
SNP6593,1
SNP6594,1
SNP6595,1
SNP6596,1
SNP6597,1
SNP6598,1
